{
  "project_info": {
    "project_number": "693215976706",
    "firebase_url": "https://pg29-firebase-app-kiran-default-rtdb.firebaseio.com",
    "project_id": "pg29-firebase-app-kiran",
    "storage_bucket": "pg29-firebase-app-kiran.firebasestorage.app"
  },
  "client": [
    {
      "client_info": {
        "mobilesdk_app_id": "1:693215976706:android:18f15736c4932fc29d761b",
        "android_client_info": {
          "package_name": "com.example.myfirebaseapp"
        }
      },
      "oauth_client": [],
      "api_key": [
        {
          "current_key": "AIzaSyBXLfvjWon5D2xGjdZYejL_0X4OJ0LNoaU"
        }
      ],
      "services": {
        "appinvite_service": {
          "other_platform_oauth_client": []
        }
      }
    },
    {
      "client_info": {
        "mobilesdk_app_id": "1:693215976706:android:44042125466411fc9d761b",
        "android_client_info": {
          "package_name": "com.vfs.taskmanagerapp"
        }
      },
      "oauth_client": [],
      "api_key": [
        {
          "current_key": "AIzaSyBXLfvjWon5D2xGjdZYejL_0X4OJ0LNoaU"
        }
      ],
      "services": {
        "appinvite_service": {
          "other_platform_oauth_client": []
        }
      }
    }
  ],
  "configuration_version": "1"
}